Event Name,Date,Start Time,End Time,City,Venue/Location,Distance from Brownsburg 46112,Event Type,Cost,Registration Deadline,Direct Registration Link,Host Organization,Target Audience,Skill Level,Main Topics,LegacyOps Relevance (1-5),Why It Matters,Best Action,Suggested Conversation Starter,Potential Business Opportunity,Confidence/Source Note
"Startup Ladies – Startup Study Hall (Jul 15)","2026-07-15","18:00","20:00","Indianapolis","Venue varies - check thestartupladies.org/events","~20 mi / ~30 min","Networking","Free/low-cost (verify)","None listed","https://www.thestartupladies.org/events","The Startup Ladies","Women/minority founders, SMBs, founders","Beginner","Entrepreneurship, small business operations","5","Standing biweekly women-founder networking night - reliable recurring venue to build the same relationships over months instead of one-off events.","Attend","""I'm building LegacyOps Studio - AI ops and workflow systems for small businesses and nonprofits. What's the most time-consuming manual process in your business right now?""","Client lead; Partner lead","MEDIUM - cadence (1st/3rd Wed, 6-8pm ET) confirmed via thestartupladies.org; exact July 15 venue not independently verified"
"Indiana Black Expo – PS&E Corporate Luncheon","2026-07-17","10:00","13:00","Indianapolis","Sagamore Ballroom, Indiana Convention Center, Indianapolis, IN","~22 mi / ~30 min","Community event","Paid (ticketed, price TBD)","Not listed","https://www.indianablackexpo.com/","Indiana Black Expo, Inc.","Community leaders, Black-owned SMBs, founders","N/A","Community leadership, entrepreneurship (not AI-specific)","3","Not AI content, but exact-match community/demographic - high-visibility, credibility-building event for a Black woman-owned business.","Network","""I'm building an AI operations firm here in Brownsburg focused on helping Black-owned and minority small businesses use AI without the tech overwhelm - who in your network is the go-to person for small-business tech questions?""","Partner lead; Client lead","HIGH - confirmed via Indianapolis Recorder and indianablackexpo.com; buy tickets via SummerCelebration.net"
"IN AI Roadshow – possible Indianapolis stop (VERIFY IMMEDIATELY)","2026-07-21","08:00","11:00","Indianapolis","Venue TBD","~20-22 mi (assumed downtown)","Training / workshop","Likely free (unconfirmed)","Not listed","https://www.cicpindiana.com/ai-roadshows/","CICP / IN AI Initiative (with TechPoint, Google, High Alpha)","SMBs, nonprofits, community/economic development leaders","Beginner","AI basics, small business AI adoption","5","This is the single most on-mission event found - a state-backed small-business AI adoption roadshow - but the July 21 date could NOT be re-confirmed on a second search pass.","Monitor - verify this week","""I help small businesses and nonprofits actually implement what sessions like this teach - what's the #1 thing you hope local business owners walk away able to do?""","Client lead; Partner lead; Grant lead","LOW CONFIDENCE - appeared once in search results; re-verify directly at cicpindiana.com/ai-roadshows/ before planning around it"
"Hendricks County Women Connect (July session)","2026-07-23","17:00","19:00","Avon (rotates among Hendricks Co. chamber towns)","Venue TBD - past sessions at Cooper's Hawk Winery & Restaurant, 8696 E US Hwy 36, Avon, IN 46123","~6 mi / ~12 min","Networking","~$10 (typical)","Not listed","https://www.avonchamber.org/hendricks-county-women-connect/","Avon, Brownsburg, Danville & Plainfield Chambers of Commerce + Kemper CPA Group + Hendricks County Bank & Trust","Women founders, SMBs","N/A","Small business networking, entrepreneurship","5","Closest event geographically, built-in 3-minute pitch slot, and exact target audience (Hendricks County women business owners) - the highest-leverage local event in the whole calendar.","Attend + Pitch","""I'd love 60 seconds after this to hear what's eating up the most time in your business right now - I help small business owners get hours back with AI and simple automation.""","Client lead; Partner lead","MEDIUM - series and host confirmed via avonchamber.org/brownsburg.com/danvillechamber.org; exact July time/venue not independently re-verified (site blocks bots)"
"TechPoint Community Connect: Building a Workforce AI Can't Replace","2026-07-24","10:00","15:00","Indianapolis","NCAA Hall of Champions and Conference Center, 700 W Washington St, Indianapolis, IN","~22 mi / ~30 min","Conference / panel","Not confirmed publicly (check page)","Not listed - open now","https://techpoint.org/communityconnect/","TechPoint + CICP","Employers, educators, community leaders, students/emerging talent","Beginner-Intermediate","Workforce development, AI adoption, talent strategy","5","Highest-visibility Indiana AI ecosystem event in this window; direct access to TechPoint's employer/AI network plus the Xtern intern showcase - strong partner and talent pipeline.","Attend + Network + Pitch","""I help small businesses, churches, and nonprofits actually implement the AI tools everyone's talking about - SOPs, workflows, dashboards. What are employers struggling with most when it comes to putting AI into practice, not just talking about it?""","Partner lead; Client lead; Content idea","HIGH - confirmed via techpoint.org/communityconnect/ and cicpindiana.com"
"Discover Artificial Intelligence – IndyPL (next available session after Eagle Branch)","2026-07-03","14:00","16:00","Indianapolis (Eagle Branch - full; check for next branch)","Eagle Branch, Indianapolis Public Library, 3905 Moller Rd, Indianapolis, IN 46254","~12 mi / ~20 min","Hands-on workshop","Free","Session reported FULL/waitlist","https://attend.indypl.org/event/16379181","Indianapolis Public Library","General public, SMBs, community","Beginner","AI basics, generative AI, ethics","3","Free, hands-on, rotating-branch AI literacy series - good low-stakes touchpoint for content ideas and a potential pitch to host a small-business-focused session.","Monitor for next session / Attend","""I run an AI operations consultancy for small businesses and nonprofits here in Hendricks County - what brought you to a class like this, and what's most confusing or exciting about AI for you?""","Content idea; Workshop host possibility","HIGH event exists / this specific date is FULL - confirmed via attend.indypl.org, MirrorIndy, WISH-TV; series continues monthly to other branches (dates post 4-8 weeks out)"
"Indianapolis Urban League – Entrepreneurship Center Program (Cohort 13)","2026-08-12","N/A","N/A","Virtual","Online","N/A (virtual)","Training","Free workshops; full cohort cost unconfirmed","Cohort 13 applications closed 2026-06-30 - contact directly for future cohorts","https://www.indplsul.org/the-entrepreneurship-center-program/","Indianapolis Urban League","Minority founders, SMBs","Beginner-Intermediate","Entrepreneurship, small business growth","4","Exact-fit target demographic (minority founders). Even with this cohort's application closed, IUL is a strategic partner org worth approaching now for guest-teaching or referral partnership ahead of Cohort 14.","Partner (reach out directly)","""I'd love to explore whether LegacyOps Studio could contribute an AI/automation session to a future Entrepreneurship Center cohort - is there someone who manages guest programming?""","Partner lead; Workshop host possibility","MEDIUM - program and dates confirmed via indplsul.org; AI-specific curriculum content not verified"
"Women & Hi Tech – 2026 Leading Light Awards and Scholarship Gala","2026-10-01","18:00","21:00","Indianapolis","Indiana Roof Ballroom, 140 W Washington St, Indianapolis, IN","~22 mi / ~30 min","Networking / gala","Individual tix not yet on sale; table of 10 = $1,500","Not listed","https://womenandhitech.org/event-6422026","Women & Hi Tech","Women in STEM/tech, students, professionals, supporters","N/A","Women in tech, STEM scholarships","3","High-visibility gala with Indy's women-in-tech community - good brand-building/funder exposure, but pricier and not hands-on; treat as a sponsorship/visibility play if budget allows.","Monitor ticket pricing / Network if budget allows","""I'm building an AI ops firm for small businesses and nonprofits here in Indy - how did you first get comfortable enough with tech to make it your career? That's the confidence gap I'm trying to close for my clients.""","Partner lead; Grant lead","MEDIUM - event and venue confirmed via womenandhitech.org; individual ticket price and exact time not yet posted"
"Indiana AI Innovation Network – October Meeting (Eli Lilly case study)","2026-10-15","15:30","17:00","Indianapolis","SEP offices (Indianapolis-area - confirm exact address)","~25 mi / ~30-35 min (approx)","Networking / panel","Not confirmed - likely free or membership-based","Not listed","https://techpoint.org/tech-events/techpoint-indiana-ai-innovation-network-october-meeting/","TechPoint (Indiana AI Innovation Network)","AI practitioners, tech professionals, business leaders","Intermediate","Enterprise AI case study, data & automation","4","Recurring high-quality AI network featuring real enterprise case studies (Eli Lilly) - good for translating large-employer AI moves into SMB-scale offers, and for meeting AI-invested professionals who could refer clients.","Monitor - confirm exact date, then attend","""I do the SMB-scale version of what Lilly's team just described - same automation mindset, sized for a 5-person nonprofit or church staff. What's one thing from that case study you think could scale down?""","Partner lead; Learning only","LOW-MEDIUM - event confirmed to exist via techpoint.org; exact October date not posted (placeholder date used - verify before adding to your calendar)"
"Quantum AI Conference 2026 (QNLPAI)","2026-08-14","09:00","17:00","Indianapolis","IU Indianapolis Campus Center, 420 University Blvd, Indianapolis, IN 46202","~23 mi / ~30 min","Conference (academic)","Paid (academic registration fee, amount TBD)","~2026-08-01 (verify)","https://qnlp.ai/registration.html","Academic/research organizers (IU-affiliated)","Tech professionals, academic researchers","Advanced","Quantum computing + AI, NLP research","1","Too technical/academic for small-business and nonprofit AI implementation work - not a fit for LegacyOps Studio's mission or audience.","Skip","N/A","Learning only (low priority)","HIGH - confirmed via qnlp.ai; included for completeness only, recommend skipping"
"Indiana CIO Network – August Breakfast","2026-08-11","07:30","09:00","Indianapolis","E-gineering, Indianapolis, IN","~22 mi / ~28 min","Networking","Not confirmed (member/invitation-oriented)","Not listed","https://techpoint.org/indiana-cio-network/events/","TechPoint (Indiana CIO Network)","Enterprise CIOs / senior tech leaders","Advanced","IT leadership, enterprise technology","1","Peer network for sitting CIOs at established organizations - not an accessible entry point or target audience for a solo AI consultancy founder.","Skip","N/A","Learning only (low priority)","MEDIUM - event and venue confirmed via techpoint.org; exact time is a typical-breakfast estimate"
